{"cameraMode":{"drawMode":0,"name":"Shaded","section":"Shading Mode"},"sceneLighting":true,"audioPlay":false,"sceneViewState":{"m_AlwaysRefresh":false,"showFog":true,"showSkybox":true,"showFlares":true,"showImageEffects":true,"showParticleSystems":true,"showVisualEffectGraphs":true,"m_FxEnabled":true},"in2DMode":false,"pivot":{"x":0.4384489059448242,"y":0.034154534339904788,"z":-0.15040454268455506},"rotation":{"x":0.07143393903970719,"y":0.7258662581443787,"z":-0.07631367444992066,"w":0.6798997521400452},"size":9.627902030944825,"orthographic":false}