{"cameraMode":{"drawMode":0,"name":"Shaded","section":"Shading Mode"},"sceneLighting":true,"audioPlay":false,"sceneViewState":{"m_AlwaysRefresh":false,"showFog":true,"showSkybox":true,"showFlares":true,"showImageEffects":true,"showParticleSystems":true,"showVisualEffectGraphs":true,"m_FxEnabled":true},"in2DMode":false,"pivot":{"x":0.9807828664779663,"y":0.032081201672554019,"z":-4.402435779571533},"rotation":{"x":-0.15951833128929139,"y":-0.7951194643974304,"z":0.2371077537536621,"w":-0.5349206924438477},"size":3.8253443241119386,"orthographic":false}