{"cameraMode":{"drawMode":0,"name":"Shaded","section":"Shading Mode"},"sceneLighting":true,"audioPlay":false,"sceneViewState":{"m_AlwaysRefresh":false,"showFog":true,"showSkybox":true,"showFlares":true,"showImageEffects":true,"showParticleSystems":true,"showVisualEffectGraphs":true,"m_FxEnabled":true},"in2DMode":false,"pivot":{"x":0.2203650176525116,"y":-1.3773001432418824,"z":-3.7416346073150636},"rotation":{"x":-0.023652760311961175,"y":-0.9557984471321106,"z":0.28190484642982485,"w":-0.08019576966762543},"size":3.8268768787384035,"orthographic":false}